Roll_mean,Roll_std,Roll_min,Roll_max,Gyroscope_z_mean,Gyroscope_z_std,Gyroscope_z_min,Gyroscope_z_max,Gravity_x_mean,Gravity_x_std,Gravity_x_min,Gravity_x_max,Rot12_mean,Rot12_std,Rot12_min,Rot12_max,Rot13_mean,Rot13_std,Rot13_min,Rot13_max,Rot21_mean,Rot21_std,Rot21_min,Rot21_max,Rot22_mean,Rot22_std,Rot22_min,Rot22_max,Rot23_mean,Rot23_std,Rot23_min,Rot23_max,Rot31_mean,Rot31_std,Rot31_min,Rot31_max,Rot32_mean,Rot32_std,Rot32_min,Rot32_max,Rot33_mean,Rot33_std,Rot33_min,Rot33_max,duration,label,path
-119.09030998484091,11.76264899458571,-135.7250649908379,-95.7466745127866,0.0,0.0,0.0,0.0,0.0,0.0,0.0,0.0,-0.9830617526093045,0.0062304080799617375,-0.9908713102340698,-0.9682852029800416,0.14252990061366877,0.05136922875561888,0.082026332616806,0.2494072616100311,-0.08360374497400745,0.01661998847775608,-0.1055309176445007,-0.0391985774040222,0.1345781192586228,0.05438537947632375,0.072199523448944,0.2498264610767364,0.9857004220421249,0.007739357914989183,0.9657255411148072,0.9935330152511596,-0.9910219525163239,0.003536004303024236,-0.9980412721633912,-0.9848418235778807,-0.10569589383698794,0.03619608327587814,-0.1629109382629394,-0.003247857093811,-0.07114638790890973,0.01787418362132895,-0.0942177772521972,-0.0190139710903167,148.0,1,data\train\right\imu_data_2025-10-30_08-56-07.csv_single_trial_11.csv
-94.3669408924801,7.313528059270017,-109.16219691480627,-82.99975916676915,0.0,0.0,0.0,0.0,0.0,0.0,0.0,0.0,-0.9707040889068734,0.02103647960448918,-0.993111491203308,-0.9266009330749512,0.21024071505141362,0.08951591878694504,0.0761941969394683,0.3681182861328125,-0.01500084868316482,0.013709982746343368,-0.0515958964824676,0.0109330713748931,0.21052204833521865,0.08848586444153837,0.0781026780605316,0.3657767474651336,0.973144195366315,0.020691100902746912,0.9297032356262208,0.9967800378799438,-0.9972494988994025,0.0019119453711188273,-0.9999388456344604,-0.9927613735198976,-0.00911273209322163,0.07112489183751405,-0.1192257106304168,0.1003434956073761,-0.008525558295679678,0.01659305104558592,-0.0327068865299224,0.0301994681358337,233.0,0,data\train\left\imu_data_2025-10-30_09-17-57.csv_single_trial_15.csv
-129.40978352787724,22.425579907846895,-172.80878657071716,-102.7011798530387,0.0,0.0,0.0,0.0,0.0,0.0,0.0,0.0,-0.9793202243550285,0.013678730866355699,-0.9957507848739624,-0.9489378929138184,0.14736798265217485,0.09436622360363231,0.0127525329589843,0.3054540455341339,-0.09019776663855104,0.02037219386313463,-0.132866084575653,-0.0468868911266326,0.1422615138648068,0.10213639107491419,-0.0034076571464538,0.3095979690551758,0.9800750404128229,0.015235479463222809,0.9497108459472656,0.9949041604995728,-0.9906044134294799,0.005452721066293148,-0.9973986744880676,-0.980435848236084,-0.05729564743516333,0.08241277405146666,-0.1699080765247345,0.0936711430549621,-0.09079592686673106,0.018832064900008775,-0.1286839246749878,-0.0473325848579406,191.0,1,data\train\right\imu_data_2025-10-30_09-14-24.csv_single_trial_20.csv
-120.3821182544496,16.58105520626877,-143.64249465100764,-87.4000818758297,0.0,0.0,0.0,0.0,0.0,0.0,0.0,0.0,-0.9659101403960886,0.006883938687608443,-0.9834561347961426,-0.9572561383247375,0.11420526661614111,0.05620113089429962,0.039535105228424,0.2252815961837768,-0.029748819595159445,0.01592164538430591,-0.0514062047004699,0.0180620849132537,0.12406223226887306,0.05213162496873849,0.0524203777313232,0.2263431847095489,0.9903093169825946,0.006313098911732872,0.9737009406089784,0.9979562759399414,-0.973613861457322,0.012991406489941243,-0.998926043510437,-0.9590981006622314,0.21039057863775149,0.06780049629873007,0.031497299671173,0.277847558259964,-0.05230115226996956,0.01763026135996561,-0.0753844082355499,0.0077854394912719,129.0,0,data\train\left\imu_data_2025-10-30_08-47-16.csv_single_trial_6.csv
-114.62988473289364,15.242243081045329,-139.06481785025127,-92.4827090084553,0.0,0.0,0.0,0.0,0.0,0.0,0.0,0.0,-0.9776641677139671,0.008560005466601229,-0.9906415939331056,-0.9609416723251344,0.16835663918476956,0.06539014175460318,0.0638409554958343,0.2742961645126343,-0.08116946193822626,0.03525234891471867,-0.1424067020416259,-0.0112929642200469,0.15999883318402963,0.06804860794826267,0.0542839467525482,0.271866500377655,0.9807218837130601,0.011097935183728034,0.9604668617248536,0.995241641998291,-0.9902867834279492,0.0046076410754254,-0.9999207258224488,-0.98163241147995,-0.11137376488394037,0.038277396746676816,-0.1571969389915466,0.0024290084838867,-0.06559260825442656,0.033752608126784905,-0.1207897663116455,-0.0100017189979553,157.0,1,data\train\right\imu_data_2025-10-30_08-56-07.csv_single_trial_13.csv
-94.64247249818278,9.816443754883714,-109.99234214911904,-81.32621746437235,0.0,0.0,0.0,0.0,0.0,0.0,0.0,0.0,-0.9780515096404335,0.008507335219776525,-0.9895921349525452,-0.9656378030776978,0.18312282508069816,0.04996026870137283,0.1088607907295227,0.2519926428794861,-0.021865503354506027,0.025309614217609477,-0.0499613881111145,0.0278140604496002,0.18158732327547933,0.05215267222843875,0.1045138239860534,0.2533860206604004,0.9813786615024913,0.009136548876936924,0.9669653177261353,0.9932676553726196,-0.9957746245644309,0.0011836288366452341,-0.9985722899436952,-0.9943073391914368,-0.0861708814447576,0.01495572396598436,-0.10014408826828,-0.0370898246765136,-0.006628915396603647,0.02717759165362295,-0.0396055579185485,0.038442313671112,55.0,1,data\train\right\imu_data_2025-10-30_08-56-07.csv_single_trial_8.csv
-107.62990725906083,15.357256859284664,-132.46263604662494,-87.21529634164091,0.0,0.0,0.0,0.0,0.0,0.0,0.0,0.0,-0.9722277680774788,0.008863379608836132,-0.9845910668373108,-0.9561470150947572,0.19349282883204422,0.056708129585001155,0.0966078341007232,0.2729757130146026,-0.07073645196951826,0.04280089152964248,-0.1198311448097229,0.0048407018184661,0.18459161787064043,0.061767029765008384,0.0821799337863922,0.2688255906105041,0.9773354352294624,0.009524129758240261,0.961789846420288,0.9913885593414308,-0.989483348347924,0.00691582951211108,-0.9996010065078736,-0.9805741906166076,-0.11817937102410696,0.0532826659043908,-0.1743729412555694,-0.0261624455451965,-0.050792825492945524,0.03859540362449851,-0.0973070263862609,0.0113129913806915,154.0,1,data\train\right\imu_data_2025-10-30_08-43-55.csv_single_trial_1.csv
-130.9285367049567,10.203066461841065,-143.50726531271093,-102.6246675586741,0.0,0.0,0.0,0.0,0.0,0.0,0.0,0.0,-0.9873223528265953,0.004402605252459488,-0.9941326379776,-0.979985237121582,0.13922910445502823,0.03682706157333828,0.0849290490150451,0.1990610957145691,-0.12521500566176003,0.023770492974057218,-0.168780505657196,-0.0458377599716186,0.13038890436291692,0.03916472122136026,0.0764261782169342,0.1982495486736297,0.982443531709058,0.005074231757613203,0.9744884967803956,0.9897508025169371,-0.9895986084427152,0.004066910857478416,-0.9988723397254944,-0.9816793203353882,-0.07679929105298854,0.02723830968241609,-0.1212674379348754,-0.0180489122867584,-0.1165493915655783,0.021312866517291335,-0.1556061506271362,-0.0426485538482666,112.0,1,data\train\right\imu_data_2025-10-30_08-43-55.csv_single_trial_15.csv
-91.63813854240465,8.829125873937961,-104.80327272817632,-75.35088983133178,0.0,0.0,0.0,0.0,0.0,0.0,0.0,0.0,-0.9736898222139904,0.01677555712521237,-0.993692934513092,-0.9394872188568116,0.20726176640208888,0.07087853257101695,0.1022321879863739,0.3243533372879028,-0.003344880683081477,0.024050941969265924,-0.0514194071292877,0.049340397119522,0.20842784080578355,0.07118044526399712,0.1033428013324737,0.3277596831321716,0.975004890743567,0.016341710734436826,0.9435665011405944,0.9943935871124268,-0.9978684278167024,0.0018610953003703496,-0.9999995231628418,-0.9925711154937744,-0.0037996343203953423,0.05588795065834395,-0.1209743916988372,0.0688941478729248,0.0006422611827753186,0.03341917676617554,-0.0283546447753906,0.0803884863853454,196.0,0,data\train\left\imu_data_2025-10-30_09-17-57.csv_single_trial_19.csv
-101.62723983092515,13.524946691462482,-136.42973243875494,-87.81278357125723,0.0,0.0,0.0,0.0,0.0,0.0,0.0,0.0,-0.9652148032188416,0.021451638325790206,-0.995720624923706,-0.9371452331542968,0.2299906073676215,0.09775580144604165,0.0636144280433654,0.3427868187427521,-0.024902820322248654,0.024404448321606247,-0.0711189806461334,0.0078897774219512,0.22937271621492175,0.09981321374260521,0.0588268935680389,0.3440000414848327,0.9673491594526503,0.021103733769079203,0.9388604164123536,0.9957529306411744,-0.9966610508494907,0.0016383780341535962,-0.9997371435165404,-0.9934149980545044,-0.0026778413189781957,0.07292824217929088,-0.1144279837608337,0.0979085266590118,-0.03101225641038679,0.019406731718425406,-0.0668712258338928,0.0077551901340484,225.0,1,data\train\right\imu_data_2025-10-30_09-14-24.csv_single_trial_8.csv
-112.55779287764294,24.85259328481392,-165.12226379828877,-82.04289270594776,0.0,0.0,0.0,0.0,0.0,0.0,0.0,0.0,-0.9749628999829292,0.005427251436483834,-0.9883646368980408,-0.9673337936401368,0.11969667866826054,0.07627017536441563,0.0066229999065399,0.2398306727409362,-0.010872063785791364,0.016485054221000873,-0.0402154624462127,0.0245837569236755,0.12258638963103292,0.07394077656806178,0.0123577117919921,0.2412952184677124,0.9894568213820457,0.00951965960428261,0.9704167246818542,0.9996954202651978,-0.9849966916441918,0.010866443907959005,-0.9999868869781494,-0.9697736501693726,0.14668083667755127,0.08606994331026097,-0.0169418156147003,0.2415213584899902,-0.023528622388839678,0.013660145324106233,-0.0456888675689697,0.0210432708263397,200.0,0,data\train\left\imu_data_2025-10-30_08-47-16.csv_single_trial_2.csv
-106.84381558544139,89.6532595852735,-178.98174616417134,176.495123558832,0.0,0.0,0.0,0.0,0.0,0.0,0.0,0.0,-0.9882294213034443,0.011302073959581183,-0.9991417527198792,-0.9649978280067444,0.11404194567621365,0.08065846857062615,-0.0139198005199432,0.2479850351810455,-0.09317413571569105,0.028174486767619408,-0.1549710929393768,-0.0231878757476806,0.11415652147273424,0.08475110392785495,-0.0193284153938293,0.2507491707801819,0.9850033745937741,0.008871316087992152,0.9677743315696716,0.9964290857315063,-0.9933562297181985,0.002158279716025534,-0.996284008026123,-0.9861657619476318,0.0022584135384903833,0.055275108167929604,-0.0603567063808441,0.1139346957206726,-0.09829855303174438,0.02270970764499342,-0.1603466570377349,-0.0437748134136199,194.0,1,data\train\right\imu_data_2025-10-30_09-14-24.csv_single_trial_14.csv
-110.55392045860408,14.748883835869428,-130.6746821581594,-86.22422226644761,0.0,0.0,0.0,0.0,0.0,0.0,0.0,0.0,-0.9766383647918702,0.008684530324719998,-0.9867985248565674,-0.9599918127059937,0.1652962693944573,0.059614019281487914,0.0882333517074585,0.2676823735237121,-0.06817192435264582,0.028410784514547417,-0.0952349305152893,-0.0042255222797393,0.15731333829462527,0.06361417630491054,0.0771864652633667,0.2669832706451416,0.9826792042702437,0.009629905047444265,0.963485598564148,0.993423342704773,-0.9895991031080484,0.003693583970845812,-0.9985765814781188,-0.9848845601081848,-0.12907370626926418,0.025451902512259077,-0.1553968787193298,-0.0529442727565765,-0.04893966782838104,0.03125785668602893,-0.0797985792160034,0.0169321298599243,160.0,1,data\train\right\imu_data_2025-10-30_08-56-07.csv_single_trial_20.csv
-101.18564028252176,6.336097432704097,-113.4450378617848,-93.04708044216228,0.0,0.0,0.0,0.0,0.0,0.0,0.0,0.0,-0.965762766815672,0.017596438406201304,-0.9876163005828856,-0.937853455543518,0.23602266219638338,0.07600051697790873,0.1308262348175048,0.3470034003257751,-0.030341946038623738,0.01278409404979705,-0.0456006824970245,-0.005669742822647,0.23789308655181987,0.07460638234115204,0.1351112723350525,0.3468877673149109,0.9676876716165734,0.01836539165094271,0.9370204210281372,0.9900075793266296,-0.9966959957308417,0.0017742628186822357,-0.9992201328277588,-0.994093418121338,0.04614940925732554,0.051996771557454996,-0.0471173226833343,0.0988482534885406,-0.03999251447267976,0.012693574879672286,-0.0588140487670898,-0.0158784687519073,149.0,0,data\train\left\imu_data_2025-10-30_09-17-57.csv_single_trial_5.csv
-114.871843825533,18.852936915116455,-148.45909406380494,-86.91782403948669,0.0,0.0,0.0,0.0,0.0,0.0,0.0,0.0,-0.9775742578009764,0.008740075148356478,-0.9870896339416504,-0.9614228010177612,0.1421528402715921,0.0717011795364694,0.0400916934013366,0.2664225995540619,-0.06291180393762054,0.021273868400999704,-0.0926762521266937,-0.0048722326755523,0.13408976607024664,0.07536875343028836,0.0293758809566497,0.2659904658794403,0.9858091804716322,0.010457125665526765,0.9638556241989136,0.9971786737442015,-0.9882527097231812,0.0047370732241972515,-0.9982589483261108,-0.9814769625663756,-0.1396779511123895,0.033193539733122564,-0.1887827813625335,-0.0417165160179138,-0.04559269899295432,0.025373604819361965,-0.0754299759864807,0.0143042206764221,144.0,1,data\train\right\imu_data_2025-10-30_08-56-07.csv_single_trial_19.csv
-130.23079158652993,4.713642689750908,-137.20011409141142,-125.13842592051084,0.0,0.0,0.0,0.0,0.0,0.0,0.0,0.0,-0.9890526647751148,0.002191118401729369,-0.9922388792037964,-0.9862009286880492,0.13191203199900112,0.018408115752447437,0.1068400144577026,0.1573207378387451,-0.11941366356152751,0.0041827822502846805,-0.1233092546463012,-0.1137677729129791,0.12373524331129511,0.018975190931713595,0.0984764099121093,0.1500730812549591,0.984909672003526,0.002296220290889264,0.9810163974761964,0.9875590801239014,-0.9908037919264573,0.0005951794454068646,-0.9914722442626952,-0.9898899793624878,-0.07796587623082672,0.004565744909903283,-0.0833848416805267,-0.0698983371257782,-0.11038092237252452,0.004897889681146156,-0.115377128124237,-0.1034545302391052,26.0,1,data\train\right\imu_data_2025-10-30_08-43-55.csv_single_trial_4.csv
-116.70000252319637,5.084008763609447,-124.15697981635398,-109.2195057926407,0.0,0.0,0.0,0.0,0.0,0.0,0.0,0.0,-0.9848225584217146,0.006598906077771942,-0.9929550886154176,-0.9737207889556884,0.15644091484593406,0.04121686203003193,0.1046928763389587,0.2208404839038849,-0.08570863452612178,0.00764373198437864,-0.0996694862842559,-0.0763963758945465,0.15089610744925103,0.04083244303674272,0.1003244221210479,0.2152881920337677,0.9839248026118559,0.007118458704066544,0.9722665548324584,0.992017388343811,-0.9943273429777107,0.00060009947062568,-0.995531976222992,-0.9934512972831726,-0.07484166820844011,0.0065399662560542745,-0.0851069390773773,-0.063049167394638,-0.07507957897934256,0.0056394952441877165,-0.0871266722679138,-0.0689894556999206,51.0,1,data\train\right\imu_data_2025-10-30_08-43-55.csv_single_trial_13.csv
-115.74717853527576,13.333196760093589,-138.2240532723438,-97.09315249788614,0.0,0.0,0.0,0.0,0.0,0.0,0.0,0.0,-0.984651061318676,0.0034141386710731065,-0.9916642308235168,-0.9774296283721924,0.12660625040160942,0.04871730913744195,0.0505187511444091,0.2111077904701233,-0.062392002677325094,0.018163890014292496,-0.0969403386116027,-0.0335312485694885,0.12100049890346404,0.052132162442649496,0.0414117574691772,0.2112021744251251,0.9891311207913464,0.006173660070706638,0.9755452871322632,0.9972163438796996,-0.9918189056171394,0.004945062083181476,-0.9990796446800232,-0.985005795955658,-0.10016755935568242,0.055301595332936195,-0.1639489829540252,0.0036775767803192,-0.05280348936223091,0.019770074774077134,-0.0880693793296814,-0.0194255113601684,161.0,1,data\train\right\imu_data_2025-10-30_08-43-55.csv_single_trial_9.csv
-52.66566489932649,95.31659763244774,-141.42629853607622,175.18422805993265,0.0,0.0,0.0,0.0,0.0,0.0,0.0,0.0,-0.9902340763217801,0.006728377460090611,-0.9993851780891418,-0.9772706031799316,0.10540900649605213,0.07749152124203262,-0.0346231162548065,0.2117619216442108,-0.008628255063360844,0.01813547313193504,-0.0387843251228332,0.036625325679779,0.10610360234648315,0.07721202787282719,-0.0336419939994812,0.2117021083831787,0.991126862856058,0.006671873827498446,0.9773110151290894,0.9997827410697936,-0.998658781850731,0.0014457494385116388,-0.9999920129776,-0.9951152801513672,0.03784485603426836,0.027189905569421104,-0.0130551159381866,0.0926135778427124,-0.012239281129051031,0.018900240014442182,-0.0439251959323883,0.0347816348075866,182.0,0,data\train\left\imu_data_2025-10-30_09-00-23.csv_single_trial_15.csv
-113.81407383200226,11.121046079522142,-132.8314675590682,-99.12545971211064,0.0,0.0,0.0,0.0,0.0,0.0,0.0,0.0,-0.9125407133529435,0.0308542723102422,-0.964375138282776,-0.8722746968269348,0.13694765029558492,0.06501557495317219,0.0569310784339904,0.2590148746967315,-0.004611376506179128,0.0154085017067688,-0.0411072969436645,0.0229569375514984,0.14733935292087383,0.060783293468768644,0.0730855762958526,0.2671304643154144,0.987024961122826,0.010934361321293315,0.9632285833358764,0.9971943497657776,-0.9245528036089086,0.04009558258039354,-0.9958759546279908,-0.8743852376937866,0.3558282454067202,0.11958373089028089,0.067764788866043,0.4815630912780761,-0.050520405618112434,0.011322206636100871,-0.0714270174503326,-0.0228076577186584,134.0,0,data\train\left\imu_data_2025-10-30_08-47-16.csv_single_trial_15.csv
-98.29322657624611,9.105387229962606,-119.65689540217726,-81.40197460980825,0.0,0.0,0.0,0.0,0.0,0.0,0.0,0.0,-0.9448588377442854,0.01983756249299989,-0.977452039718628,-0.922423779964447,0.22589797783514548,0.06146026418030373,0.1180325150489807,0.3191872835159302,0.00652390590001796,0.01953708263999546,-0.0326225161552429,0.0347535610198974,0.22886903506928477,0.05906382032960133,0.1344521045684814,0.3216646909713745,0.9713442469465321,0.014020320259016363,0.9468082189559937,0.9907328486442566,-0.9730469481698398,0.0267277626404615,-0.9999643564224244,-0.9297452569007874,0.17044009705042018,0.14808410909078762,-0.0081755816936492,0.3620179295539856,-0.028573574177150042,0.02588679884622297,-0.0672069191932678,0.0320664942264556,116.0,0,data\train\left\imu_data_2025-10-30_08-47-16.csv_single_trial_12.csv
-104.16790994389248,9.600119601634999,-121.4262332457022,-92.99712877296014,0.0,0.0,0.0,0.0,0.0,0.0,0.0,0.0,-0.9769036300846787,0.010331057909927572,-0.9926990270614624,-0.9640806913375854,0.1776008146708129,0.050305207168021226,0.0943534076213836,0.2393586039543151,-0.057425991922128355,0.008935639236859328,-0.0680055916309356,-0.0423457324504852,0.17254473244557608,0.0508783706754616,0.0895555615425109,0.2357358932495117,0.9819341927278237,0.008207504865046822,0.970681369304657,0.9938678741455078,-0.9925423665124862,0.00145790278666084,-0.9950616359710692,-0.9904994368553162,-0.1134862318390705,0.017695836977773646,-0.1368719637393951,-0.0807979106903076,-0.0372325763350627,0.016701960909439918,-0.0580934286117553,-0.0123305022716522,61.0,1,data\train\right\imu_data_2025-10-30_08-56-07.csv_single_trial_1.csv
-102.32150833479783,19.338182065119582,-141.8336626705033,-75.32018404523491,0.0,0.0,0.0,0.0,0.0,0.0,0.0,0.0,-0.9843631784121195,0.011753181267446414,-0.9979689121246338,-0.9598137140274048,0.14681720005141363,0.08056375230593862,0.0271076261997222,0.2726493775844574,-0.006645267208417244,0.026659786464365193,-0.0380915701389312,0.0557567477226257,0.14801915105846192,0.0799939598118968,0.0289631485939025,0.2745722234249115,0.9852834943268034,0.012363833110083365,0.9613246321678162,0.9990809559822084,-0.9981978456179301,0.0009848649284730073,-0.99992573261261,-0.9966534972190856,0.0331926087538401,0.038478165217499326,-0.0580320954322814,0.0755987465381622,-0.008730441663000299,0.030685197660207993,-0.0424644649028778,0.0638616979122161,180.0,0,data\train\left\imu_data_2025-10-30_09-17-57.csv_single_trial_10.csv
-107.37353616896452,7.951977423768722,-117.48985877307835,-89.58367082349356,0.0,0.0,0.0,0.0,0.0,0.0,0.0,0.0,-0.9786113245833304,0.008393185329137298,-0.9904112815856934,-0.9602994322776794,0.17255915533150396,0.04475705829834488,0.1172779500484466,0.2599993944168091,-0.06716423673975848,0.020164789876823252,-0.0937460958957672,-0.0204285979270935,0.16667187814750978,0.04609458273934686,0.1130170822143554,0.259137898683548,0.9823997679256624,0.008297308562000623,0.9655818343162536,0.9917797446250916,-0.9922726846510365,0.002773079396862013,-0.9982196092605592,-0.9877104759216307,-0.10740127654806257,0.028464186986946922,-0.1459901034832,-0.0508641898632049,-0.04988283952397682,0.023531548354872783,-0.0800460278987884,0.0018725395202636,124.0,1,data\train\right\imu_data_2025-10-30_08-56-07.csv_single_trial_10.csv
-116.1223944847294,14.289977321680716,-142.82837194548404,-89.93559480042666,0.0,0.0,0.0,0.0,0.0,0.0,0.0,0.0,-0.9792769408226013,0.006684801052799979,-0.9883432984352112,-0.9628033638000488,0.14817939837773636,0.060195384437184224,0.0634956359863281,0.2654255926609039,-0.07589398026466365,0.02212011206311219,-0.1109271943569183,-0.0136171877384185,0.13915508349736527,0.0640683890333563,0.0505848228931427,0.265076220035553,0.9849856813748677,0.009225738547127582,0.9641312956809998,0.9944627285003662,-0.9891040754318238,0.005705623813106296,-0.998626947402954,-0.9821486473083496,-0.12556744813919066,0.04166401591338426,-0.1759619712829589,-0.0458747148513793,-0.06052201867103572,0.02178425717750067,-0.0867858529090881,0.0002983510494232,150.0,1,data\train\right\imu_data_2025-10-30_08-56-07.csv_single_trial_18.csv
-94.51680980874865,15.218195637521363,-125.79721740529985,-68.2554557186557,0.0,0.0,0.0,0.0,0.0,0.0,0.0,0.0,-0.9790006028670891,0.01718128179653246,-0.9983262419700624,-0.9413761496543884,0.17014186434886036,0.09101823174155757,0.0383671522140502,0.3373551666736603,-0.0016422032141217738,0.023143626650667895,-0.0314902365207672,0.0561244487762451,0.17117379897949742,0.09085653796625844,0.0395155847072601,0.3371426463127136,0.9806165870498208,0.01724586850836661,0.9409313201904296,0.9988805651664734,-0.9977118118720896,0.0016625023583479424,-0.9999333024024964,-0.994336724281311,0.010880995907035517,0.05990706569077872,-0.1041070520877838,0.0987562537193298,-0.0004994474789675414,0.029340769706840106,-0.0345414578914642,0.0680616796016693,204.0,0,data\train\left\imu_data_2025-10-30_09-17-57.csv_single_trial_12.csv
-118.19738376603246,7.785440967832359,-132.24910304439038,-103.40880603188954,0.0,0.0,0.0,0.0,0.0,0.0,0.0,0.0,-0.9232589671654361,0.015110288415462865,-0.9485335946083068,-0.906055986881256,0.10617066254573206,0.04797706267292252,0.0418311059474945,0.1972018182277679,-0.011300849861332321,0.010520504779794094,-0.0552772581577301,0.0033873915672302,0.11755821827266895,0.04790425723613307,0.0522872805595397,0.2039356529712677,0.9917708640652043,0.0061200602011413025,0.9774224758148192,0.9985363483428956,-0.9303690125899655,0.019609810949134266,-0.9688100814819336,-0.9072206020355223,0.3581451970551695,0.0546064772505549,0.2433039844036102,0.4185369610786438,-0.05084672596837788,0.013919383210788953,-0.1088272631168365,-0.034125804901123,112.0,0,data\train\left\imu_data_2025-10-30_08-47-16.csv_single_trial_18.csv
-96.9554565879271,5.3254569490080454,-105.00029934406716,-87.98585083384756,0.0,0.0,0.0,0.0,0.0,0.0,0.0,0.0,-0.969539612328925,0.017015815083454792,-0.9879425168037416,-0.9268544912338256,0.2230208728994642,0.07221840727993928,0.1372310221195221,0.3752638399600982,-0.009541181885466253,0.012406679642815964,-0.0264320075511932,0.0118590891361236,0.22415834503108953,0.07134157596192146,0.1393185257911682,0.3749092817306518,0.9716441517784482,0.018058971805127704,0.9267135858535768,0.9899330139160156,-0.9974983233172877,0.0015965087756193048,-0.9999573230743408,-0.9944212436676024,0.05931661546635787,0.02912656726208905,-0.0195922553539276,0.1030963659286499,-0.021493260755019897,0.012875681048855954,-0.0374092459678649,0.0098827481269836,147.0,0,data\train\left\imu_data_2025-10-30_09-17-57.csv_single_trial_7.csv
-98.21846209034541,17.70738298625625,-126.31306095063132,-54.67694170757056,0.0,0.0,0.0,0.0,0.0,0.0,0.0,0.0,-0.9800393043494806,0.012928726018032587,-0.9948768615722656,-0.949917197227478,0.16494791624022692,0.07655343486144732,0.0527500808238983,0.3124772310256958,-0.011419694743505314,0.02994865966717571,-0.0478696227073669,0.0603522360324859,0.16746626569003595,0.07556780533222736,0.0558660626411438,0.3124761879444122,0.9823572786842905,0.013836620210525476,0.9496082067489624,0.9978549480438232,-0.9963336601489927,0.0020841052420904308,-0.9996908903121948,-0.992396593093872,0.02871274613752596,0.06910841543842547,-0.0767737627029419,0.113434225320816,-0.013375188083183458,0.03918723183715572,-0.0577090680599212,0.0674184262752533,205.0,0,data\train\left\imu_data_2025-10-30_09-17-57.csv_single_trial_14.csv
-95.50656740220276,6.584982616648282,-105.04870188516128,-85.81258619748644,0.0,0.0,0.0,0.0,0.0,0.0,0.0,0.0,-0.9727795030921698,0.008321506344872748,-0.9822262525558472,-0.9539912343025208,0.20234994273632764,0.04496753708099848,0.1265523135662078,0.2835753858089447,-0.008700872957706439,0.01738323982063692,-0.044211059808731,0.0243419706821441,0.2034458748996258,0.0433570618148626,0.1301605403423309,0.2814517319202423,0.9778862435370683,0.009516490412896794,0.9589301347732544,0.9913762807846068,-0.9944577571004629,0.00356036188422496,-0.9999324083328248,-0.9889777898788452,0.04952113851904868,0.08892912975517357,-0.1051469445228576,0.1442720592021942,-0.016263287700712663,0.0203929485625801,-0.0494869351387023,0.0140154957771301,160.0,0,data\train\left\imu_data_2025-10-30_09-17-57.csv_single_trial_3.csv
-126.82143796877372,8.601529631030349,-140.71361578653193,-111.91854279968926,0.0,0.0,0.0,0.0,0.0,0.0,0.0,0.0,-0.9838542096111753,0.004311590252624485,-0.9901120662689208,-0.9754178524017334,0.1385533055034252,0.037212705361402365,0.0856975317001342,0.2203557789325714,-0.11275135896621491,0.011250407315281914,-0.1262416541576385,-0.0860382914543151,0.1269352682139895,0.040326396898204345,0.0719344615936279,0.2190605103969574,0.9845763187889659,0.005597416367394976,0.9687082767486572,0.9910815954208374,-0.9877836545672986,0.0036778239475379277,-0.9941259026527404,-0.9830384850502014,-0.11443391661031527,0.0343288811633855,-0.1503534615039825,-0.0239275395870208,-0.09933439744721856,0.011362645785025424,-0.1142270267009735,-0.0703271925449371,109.0,1,data\train\right\imu_data_2025-10-30_08-43-55.csv_single_trial_5.csv
-120.70300350800257,13.170138928532237,-141.5398926048345,-94.78570617563705,0.0,0.0,0.0,0.0,0.0,0.0,0.0,0.0,-0.9783737983169227,0.004123230961121641,-0.9836690425872804,-0.9696914553642272,0.1325905780340063,0.03898006974976857,0.0696464776992797,0.186479240655899,-0.09222320621383598,0.018506936898830102,-0.1142351329326629,-0.0451123416423797,0.11941029876470563,0.04158966540618439,0.0537865757942199,0.1795914471149444,0.9874940977014345,0.004399936488410211,0.9797154664993286,0.9937109351158142,-0.9836039543151855,0.0027600994234328454,-0.9921337962150574,-0.9793933033943176,-0.1629908267280151,0.01460283532697661,-0.1836207509040832,-0.1203669905662536,-0.07243880218472967,0.02211505430357441,-0.0934848189353942,-0.015458196401596,116.0,1,data\train\right\imu_data_2025-10-30_08-56-07.csv_single_trial_5.csv
-105.94674093332,6.8247153267273735,-113.99179310056094,-85.25503459123368,0.0,0.0,0.0,0.0,0.0,0.0,0.0,0.0,-0.9763769815999566,0.007943237795856282,-0.9869042634963988,-0.9579184055328368,0.18997191495083748,0.04199071639504016,0.1239131093025207,0.2740704715251922,-0.06871730533051992,0.022581710389121323,-0.0989870727062225,0.0107778310775756,0.18391522511522818,0.04290178822628793,0.1179046630859375,0.2677970230579376,0.9793031059258374,0.00824925250741077,0.9597988128662108,0.991187870502472,-0.9929697813717187,0.002586132840356635,-0.999107539653778,-0.9897827506065368,-0.10093803143670368,0.02776771870088353,-0.1258711218833923,-0.0368848443031311,-0.05107122046727657,0.020894162267195655,-0.0829605460166931,0.020586758852005,141.0,1,data\train\right\imu_data_2025-10-30_08-56-07.csv_single_trial_2.csv
-113.78697127816953,15.065395999962652,-140.43236443634987,-94.15175198557094,0.0,0.0,0.0,0.0,0.0,0.0,0.0,0.0,-0.983217481862415,0.006792407689211394,-0.9910135865211488,-0.9683269262313844,0.15260210384925205,0.0571046697257708,0.0688126683235168,0.2418877184391021,-0.06386396514646932,0.022376724269807104,-0.1009248793125152,-0.0269135236740112,0.1478476659818129,0.061053120859572964,0.0585200190544128,0.2456185817718505,0.9847686791961844,0.008059080460670966,0.96737802028656,0.9951807856559752,-0.9943429511604887,0.0037217232879245147,-0.9995933771133424,-0.988667130470276,-0.07355600911559478,0.04733281913282909,-0.1347798705101013,0.0448824167251586,-0.05588290569457137,0.022237480505863147,-0.0910795927047729,-0.0138161778450012,132.0,1,data\train\right\imu_data_2025-10-30_09-14-24.csv_single_trial_12.csv
-106.33057575089576,9.525039887524683,-119.58347347310458,-86.29425138567363,0.0,0.0,0.0,0.0,0.0,0.0,0.0,0.0,-0.9399709513312892,0.032649497591175976,-0.9846731424331664,-0.8896028995513916,0.12458881390722171,0.050568983810282984,0.0473386645317077,0.2193494439125061,-0.003101113595460601,0.020433081175904793,-0.0559956729412078,0.0247170627117156,0.12964094077285965,0.05071132895103314,0.0521004199981689,0.2188435792922973,0.9900235530577208,0.006916512021694211,0.9756349325180054,0.9986401796340942,-0.9491104850643559,0.038120342094825316,-0.9987313151359558,-0.890972375869751,0.2788404616870378,0.13512295124660745,0.050133854150772,0.4535668790340423,-0.033598769965924674,0.024435082128184623,-0.0909442603588104,0.0095056891441345,190.0,0,data\train\left\imu_data_2025-10-30_08-47-16.csv_single_trial_20.csv
-99.95750930393928,9.808212351127906,-119.80221120504832,-81.43829440057502,0.0,0.0,0.0,0.0,0.0,0.0,0.0,0.0,-0.9794710588781801,0.010470467885671039,-0.990369439125061,-0.9570668935775756,0.1613013593301381,0.06966114869086863,0.0627335906028747,0.288763165473938,-0.030960901142799653,0.019223922652981767,-0.0539436042308807,0.0180372297763824,0.15871644224206058,0.07133901290973939,0.0574598908424377,0.289273738861084,0.9839892513947944,0.012524970232704215,0.956902265548706,0.99738347530365,-0.9944873929840244,0.0032684308508979932,-0.9998166561126708,-0.9892045855522156,-0.08946164891327893,0.0473629616203648,-0.1435678601264953,0.018539935350418,-0.019509147903690568,0.018891533779659932,-0.0439586043357849,0.0338824987411499,146.0,1,data\train\right\imu_data_2025-10-30_09-14-24.csv_single_trial_17.csv
-104.23455029305315,6.061822675661774,-117.05811993998807,-95.65262923827224,0.0,0.0,0.0,0.0,0.0,0.0,0.0,0.0,-0.98499023365347,0.005198578961246523,-0.9925836324691772,-0.9722891449928284,0.14992573210283328,0.04102558446655937,0.0917967855930328,0.2225675880908966,-0.03929107028402775,0.012500554935447121,-0.0619732439517974,-0.0122608244419097,0.14800755012976494,0.04333185751078515,0.0864829719066619,0.2260213196277618,0.9871549061254451,0.006430989305217322,0.9731106162071228,0.9950549602508544,-0.9963358495580522,0.0029018893597206256,-0.9997768402099608,-0.9910656809806824,-0.0476516932249069,0.06093223157364208,-0.1281094849109649,0.0597348809242248,-0.03485678450057375,0.010399032921292965,-0.0593248605728149,-0.0177513360977172,152.0,1,data\train\right\imu_data_2025-10-30_09-14-24.csv_single_trial_4.csv
-106.24159975082239,10.992019467210056,-139.15698034168142,-94.03337923248822,0.0,0.0,0.0,0.0,0.0,0.0,0.0,0.0,-0.9531805687640087,0.023880880996254586,-0.9828252792358398,-0.9076666235923768,0.25151151574280367,0.10678589673768063,0.061754286289215,0.3961625397205353,-0.05343559144969919,0.023805500647249452,-0.0925029814243316,-0.0159491896629333,0.24988337142400474,0.11459546611162334,0.0453671514987945,0.4055461287498474,0.959296600167531,0.0274622662768835,0.9125715494155884,0.9955318570137024,-0.9901058602045818,0.00728740753575054,-0.999087929725647,-0.974714696407318,-0.03219716963040304,0.11944057603708837,-0.2117303311824798,0.1172932088375091,-0.060869903329864514,0.02508946756207926,-0.1268018782138824,-0.0110171139240264,249.0,1,data\train\right\imu_data_2025-10-30_09-14-24.csv_single_trial_19.csv
-119.84163476963931,20.851108465366835,-150.85251952291364,-75.62167594203657,0.0,0.0,0.0,0.0,0.0,0.0,0.0,0.0,-0.9861108749001114,0.006494956106815596,-0.994897484779358,-0.9746968150138856,0.1414958174581881,0.05720021750189587,0.0512917935848236,0.2235075831413269,-0.07458898380950643,0.05059369984373821,-0.1541710495948791,0.0574562847614288,0.13646484966631287,0.060574807008503304,0.0428687334060668,0.2229266464710235,0.9846436085524383,0.007861441529017152,0.9730362296104432,0.9944393634796144,-0.9937855190700955,0.004107451504791154,-0.9999933242797852,-0.9857081174850464,-0.05479994901904351,0.047415295229514015,-0.1167336404323577,0.0433761775493621,-0.06992826528019373,0.04724746879483569,-0.1453323364257812,0.0508211553096771,135.0,1,data\train\right\imu_data_2025-10-30_08-56-07.csv_single_trial_16.csv
-128.12609831336556,11.556151067059064,-153.4861862549691,-109.17751369587764,0.0,0.0,0.0,0.0,0.0,0.0,0.0,0.0,-0.985155995888046,0.0035198996044044193,-0.9911394119262696,-0.9751490354537964,0.12878026388868496,0.046345536680532144,0.0629727244377136,0.2165030837059021,-0.10257012444206426,0.01641661026433823,-0.1360970437526703,-0.0697627067565918,0.1199271531799171,0.051452242085082936,0.0472654104232788,0.2194366157054901,0.9859712667103055,0.00637902808107135,0.9724090099334716,0.9946236610412598,-0.9891760454902166,0.004197801952390632,-0.9971286654472352,-0.9824981689453124,-0.09625547784793226,0.05621680066595457,-0.1505814492702484,0.0305255651473999,-0.09372478459454787,0.01741818841013567,-0.1292665004730224,-0.0632786750793457,158.0,1,data\train\right\imu_data_2025-10-30_08-56-07.csv_single_trial_12.csv
-104.3058625414439,8.497875650481454,-118.59804745592037,-84.32244897560425,0.0,0.0,0.0,0.0,0.0,0.0,0.0,0.0,-0.9687503714819212,0.008330452074917777,-0.9889073371887208,-0.9552575945854188,0.1338517591759965,0.06831668678092151,0.0139402747154235,0.2357385158538818,-0.00993632980295128,0.019844291754910443,-0.0484514534473419,0.027496337890625,0.1374842482644158,0.07021719783628756,0.0153299570083618,0.2455943524837494,0.9877135921168971,0.009848837745000378,0.9686666131019592,0.9998739361763,-0.9800680618028383,0.010209136258075097,-0.999963879585266,-0.9689405560493468,0.1784815778603425,0.07592955389590533,0.0084437131881713,0.2466458678245544,-0.031937201441945215,0.02685996250866949,-0.0875629186630249,0.0147422552108764,185.0,0,data\train\left\imu_data_2025-10-30_08-47-16.csv_single_trial_4.csv
-105.9527714633472,10.278372753697118,-122.61596001933071,-91.23697184720392,0.0,0.0,0.0,0.0,0.0,0.0,0.0,0.0,-0.9787524049998793,0.010130397273009134,-0.9902985692024232,-0.9506840705871582,0.15895782493374827,0.06817043608469286,0.0765756368637085,0.3101600110530853,-0.026057755837411194,0.014267414158111877,-0.0408990979194641,0.0086079239845275,0.16211214826150905,0.06659751479180516,0.0804766714572906,0.3099260032176971,0.9839955937642992,0.012431758176207704,0.950061559677124,0.9963949918746948,-0.9935142990270275,0.0045221497887183585,-0.999484658241272,-0.9865170121192932,0.08524823792141638,0.06291528759699441,-0.0524713695049285,0.1543174088001251,-0.037515663113330724,0.016611096263219043,-0.0632025599479675,-0.0025867819786071,163.0,0,data\train\left\imu_data_2025-10-30_09-00-23.csv_single_trial_2.csv
-98.4596688387884,13.071085740303108,-128.84027682144668,-79.05794209960288,0.0,0.0,0.0,0.0,0.0,0.0,0.0,0.0,-0.9658825643976828,0.010560735706060602,-0.9847955107688904,-0.9501172304153442,0.17613711583435082,0.07033925321396181,0.0579781830310821,0.2858117520809173,0.0005638221824975705,0.022769496769184328,-0.0439262986183166,0.0427910089492797,0.1783165187763988,0.06786514491928877,0.067740648984909,0.2874952554702759,0.9812932881645691,0.011928843687831094,0.9570845365524292,0.9974755048751832,-0.9839646645954677,0.01753038041504701,-0.9999537467956544,-0.951646089553833,0.12674993758362935,0.12038004487465395,-0.0406944155693054,0.3044482171535492,-0.015542020138941282,0.026604154172305303,-0.0479693114757537,0.0403579175472259,266.0,0,data\train\left\imu_data_2025-10-30_08-47-16.csv_single_trial_8.csv
-102.84753212293474,8.375403687096808,-112.83314194491508,-85.98778870288764,0.0,0.0,0.0,0.0,0.0,0.0,0.0,0.0,-0.9852045801035159,0.00805914771921565,-0.9942868947982788,-0.9678448438644408,0.1437502824197149,0.05619616112244784,0.0610390603542327,0.2372576296329498,-0.03056881704907505,0.017412555160168687,-0.0562570691108703,0.0032380521297454,0.14356369634342797,0.05852109465229145,0.0588362216949462,0.2411198019981384,0.9872427582740784,0.008881977840759094,0.9696427583694458,0.9978883266448976,-0.9966313649135031,0.0018520184451765998,-0.999985933303833,-0.9934649467468262,-0.032609720708458266,0.06487214736737856,-0.1012557446956634,0.0856827795505523,-0.02949834819052626,0.024095797713426504,-0.0754046142101287,0.0121867954730987,157.0,1,data\train\right\imu_data_2025-10-30_09-14-24.csv_single_trial_3.csv
-85.2716554144251,10.736604132947217,-105.9955086447002,-60.734343194497626,0.0,0.0,0.0,0.0,0.0,0.0,0.0,0.0,-0.9774932246982005,0.013904261195928308,-0.9933429956436156,-0.9398513436317444,0.18882557802033006,0.06028377210056672,0.0990793108940124,0.3293755352497101,0.017940585158373153,0.029770586628693817,-0.0432762801647186,0.0767075419425964,0.18975013638274713,0.060715709716177235,0.098715454339981,0.3304659724235534,0.9792480107985044,0.013179346098419453,0.9438128471374512,0.9950742125511168,-0.9968765634193755,0.0021280695288849157,-0.999436616897583,-0.9913220405578612,0.00259631153261452,0.06793706766563576,-0.1095213294029235,0.0964680612087249,0.019793278815453494,0.03490937191239911,-0.0466631054878234,0.0877568125724792,228.0,0,data\train\left\imu_data_2025-10-30_09-17-57.csv_single_trial_20.csv
-81.88255587752414,15.067799478920064,-102.95231262616336,-45.2467526417992,0.0,0.0,0.0,0.0,0.0,0.0,0.0,0.0,-0.9850831782939483,0.009200581434118171,-0.995991587638855,-0.960931360721588,0.13964986557863196,0.06866849064702697,0.0319738388061523,0.2767866253852844,0.014841944283368614,0.02244534259138649,-0.0297759473323822,0.047631949186325,0.13847954327962836,0.06933035106271931,0.0288582146167755,0.2767688333988189,0.9875176871309475,0.010075318298763696,0.9608818292617798,0.9990880489349364,-0.9969755681801815,0.002569383372992088,-0.9999473690986632,-0.9920039176940918,0.0553875440845684,0.04975410396240315,-0.0241472721099853,0.1229096353054046,0.009136910645329208,0.020160367752697625,-0.0296140313148498,0.0412667989730834,196.0,0,data\train\left\imu_data_2025-10-30_09-00-23.csv_single_trial_18.csv
-104.58248513138291,10.183728809388546,-121.95722554806862,-80.704797641728,0.0,0.0,0.0,0.0,0.0,0.0,0.0,0.0,-0.9314420585279112,0.037592240291620616,-0.9908676147460938,-0.8835769891738892,0.14597310490078394,0.05799284141128395,0.0629946589469909,0.2411708831787109,0.004214359654320598,0.018239595232572802,-0.0344708263874053,0.0410943925380706,0.150112709403038,0.05504075750322081,0.0738867223262786,0.2434588968753814,0.9869160303363094,0.009110149718412713,0.9699035882949828,0.9972485303878784,-0.9441251843063919,0.04411359863055861,-0.9999346733093262,-0.8860979080200195,0.2760738659788061,0.17094557130672905,0.0053444504737854,0.4616062939167022,-0.03140753606955208,0.015999912706349744,-0.0518853962421417,0.0220234096050262,135.0,0,data\train\left\imu_data_2025-10-30_08-47-16.csv_single_trial_17.csv
-103.51830084528812,8.466608812755318,-116.9305199345768,-87.01428103361688,0.0,0.0,0.0,0.0,0.0,0.0,0.0,0.0,-0.9776873687903086,0.007857906432519927,-0.9893893599510192,-0.9597312211990356,0.16080965598424277,0.048564234898792,0.1014671325683593,0.2449280321598053,-0.048879510751276264,0.016244513916472837,-0.0743472874164581,-0.0235498249530792,0.155887957097906,0.05136870135318572,0.0930767357349395,0.2425380647182464,0.9850595886960174,0.008045877883206494,0.969539999961853,0.9940363168716432,-0.9906912884025862,0.005499696546548393,-0.9996852278709412,-0.983163595199585,-0.11435467501481368,0.063630904753082,-0.1800905764102935,0.053838700056076,-0.03268951764612483,0.017494451747477057,-0.0551270842552185,0.0121987164020538,132.0,1,data\train\right\imu_data_2025-10-30_09-14-24.csv_single_trial_11.csv
-119.08604519140565,15.228761622718585,-140.4856441925599,-83.27588041083223,0.0,0.0,0.0,0.0,0.0,0.0,0.0,0.0,-0.9850698211069765,0.00568052604700436,-0.9938055872917176,-0.9744386672973632,0.12897136344991877,0.04610598404640521,0.0644786357879638,0.2120539844036102,-0.07473393503961889,0.021867052808393878,-0.0923576056957244,0.0094184875488281,0.12160253704621872,0.04834331218316057,0.0569610297679901,0.2133148312568664,0.9883238760561779,0.0053288020666275695,0.9769381880760192,0.9948943257331848,-0.9915033136976177,0.0034772371783706635,-0.9979113936424256,-0.9848294258117676,-0.10753352734549289,0.030290402519134913,-0.1599442064762115,-0.02055025100708,-0.06218308518672807,0.02369565234867765,-0.0848445296287536,0.0250011682510375,116.0,1,data\train\right\imu_data_2025-10-30_08-43-55.csv_single_trial_16.csv
-112.39658614790096,23.138506116640656,-148.50583936925676,-77.91927612501645,0.0,0.0,0.0,0.0,0.0,0.0,0.0,0.0,-0.9838478114661269,0.006381885463431805,-0.9926116466522216,-0.9709285497665404,0.13898049142417007,0.055134753158006894,0.059147298336029,0.2290641367435455,-0.057375993315629106,0.04317245346265304,-0.1025320291519165,0.0316362977027893,0.13337136582126768,0.058600598650612394,0.0481502413749694,0.2257866561412811,0.9866990179527463,0.006873887690181582,0.972791075706482,0.994586706161499,-0.9925642562663461,0.003603815161834363,-0.9999160766601562,-0.9870606660842896,-0.09850831646618878,0.03281670795709896,-0.147660344839096,-0.0057083964347839,-0.045431646305745,0.044253504907611464,-0.0966557264328002,0.0400207936763763,127.0,1,data\train\right\imu_data_2025-10-30_08-43-55.csv_single_trial_11.csv
-108.55580628382648,7.749261579148858,-117.54901054084462,-81.2127103611352,0.0,0.0,0.0,0.0,0.0,0.0,0.0,0.0,-0.974942406761312,0.008874485043501855,-0.986629068851471,-0.9580851793289183,0.17178791287903475,0.049721060029887604,0.1108552813529968,0.2670058608055115,-0.07630401181283394,0.026169311153399655,-0.1104042530059814,0.0145213305950164,0.16253356259559915,0.049730730457442224,0.1001788675785064,0.2591645121574402,0.9820928879987414,0.009809544626872616,0.9608057737350464,0.992152750492096,-0.987949861544315,0.004761589110430014,-0.9963827133178712,-0.98311185836792,-0.13933424693401728,0.03323050865198578,-0.1748163104057312,-0.0839650928974151,-0.054146378953880206,0.02196252292652056,-0.0776748359203338,0.0338987112045288,107.0,1,data\train\right\imu_data_2025-10-30_08-43-55.csv_single_trial_8.csv
-106.04052257767098,6.912205171328302,-116.92302416326548,-91.8286578626718,0.0,0.0,0.0,0.0,0.0,0.0,0.0,0.0,-0.9669799880375938,0.005934518571921138,-0.976791501045227,-0.9592915773391724,0.19510638950363038,0.055379183892734975,0.1121377646923065,0.282417356967926,-0.023032328912189988,0.008766536460040405,-0.0357570648193359,-0.0092716813087463,0.2008197373814053,0.0530315675845069,0.120338350534439,0.2824066877365112,0.9778251657410274,0.010475403437116247,0.9592492580413818,0.9921345710754396,-0.9877131874599154,0.00584375722197337,-0.9999563097953796,-0.981212854385376,0.14015510630986042,0.04615401789250012,-0.0024596154689788,0.1838995814323425,-0.0498101413249969,0.011569690040483274,-0.0610969364643096,-0.0090166926383972,63.0,0,data\train\left\imu_data_2025-10-30_09-00-23.csv_single_trial_3.csv
-115.24437289359415,2.9372497609740096,-124.4120858562719,-113.66222068981664,0.0,0.0,0.0,0.0,0.0,0.0,0.0,0.0,-0.9785156425307778,0.003179460470591382,-0.9821903705596924,-0.973731517791748,0.15427882268148305,0.00996241846454508,0.1300023794174194,0.1675786972045898,-0.09297675858525667,0.005987354822875237,-0.1099771559238433,-0.0886089503765106,0.1426023323746288,0.012942621534685107,0.1128554344177246,0.1600720882415771,0.9852993488311768,0.0013459181186219705,0.9831202030181884,0.98750638961792,-0.9862563925630906,0.004688215382123406,-0.9924359321594238,-0.98028564453125,-0.14475722786258247,0.03224199409260707,-0.1842017471790313,-0.0983809232711792,-0.07246117030873016,0.005626310234956223,-0.0890547633171081,-0.0668330788612365,34.0,1,data\train\right\imu_data_2025-10-30_08-56-07.csv_single_trial_6.csv
-101.82427371172389,4.890469831485557,-109.62976215030506,-97.3381977296764,0.0,0.0,0.0,0.0,0.0,0.0,0.0,0.0,-0.97167510410835,0.004428602718660182,-0.9802206158638,-0.9673850536346436,0.1933730542659759,0.010209528287359599,0.1776304543018341,0.2036063373088836,-0.06520057854981255,0.021668805323331097,-0.0958153009414672,-0.0353437066078186,0.18545550005189299,0.014416052456522471,0.1624372601509094,0.2000650465488433,0.9801406839798237,0.0014265205639814567,0.978673219680786,0.9820558428764344,-0.9883828163146973,0.006944149722928613,-0.9979405403137208,-0.9788799285888672,-0.137872505804588,0.04709067403880963,-0.19437175989151,-0.0592676997184753,-0.040010134721624395,0.014968397726420286,-0.0633553862571716,-0.0245367288589477,29.0,1,data\train\right\imu_data_2025-10-30_08-56-07.csv_single_trial_15.csv
-117.77501259665914,16.82245745928518,-147.84482069610775,-90.40161173575032,0.0,0.0,0.0,0.0,0.0,0.0,0.0,0.0,-0.9873587949522611,0.008063361385246494,-0.9959763884544371,-0.9667815566062928,0.1367844924844544,0.05373426193374446,0.0644991993904113,0.2358525395393371,-0.0657073582040852,0.02863862952478889,-0.1066148877143859,-0.0117387175559997,0.1340441389330502,0.05713311073151672,0.0576220452785491,0.2409747838973999,0.9866992983324775,0.00740837097939331,0.9695498943328856,0.9941214323043824,-0.9956892626038913,0.002247596084582685,-0.9996442794799804,-0.9923519492149352,-0.040922121755008006,0.04637873489685199,-0.0938362181186676,0.0852317810058593,-0.06302171534505378,0.028294113792460836,-0.1026008129119873,-0.001082420349121,145.0,1,data\train\right\imu_data_2025-10-30_08-43-55.csv_single_trial_20.csv
-98.91249870559992,6.794340061374642,-108.5970047000714,-89.47172106785305,0.0,0.0,0.0,0.0,0.0,0.0,0.0,0.0,-0.9526043359679405,0.014992211281388576,-0.9803584814071656,-0.9304362535476683,0.29257012557501744,0.05456393062604945,0.180825650691986,0.3630329966545105,-0.0301623666527295,0.02084346530594906,-0.0541613698005676,0.0087105333805084,0.2947325592089181,0.053152430415899926,0.1848107874393463,0.3630670607089996,0.9532765300586971,0.015071676322064043,0.9317222833633424,0.9816681146621704,-0.9974502740484296,0.0017355640600251947,-0.9996920228004456,-0.9955540895462036,0.03435216437686571,0.038048302626837366,-0.0464395582675933,0.0688638389110565,-0.04103005865607595,0.027905361883989295,-0.0746793448925018,0.0028920173645019,99.0,0,data\train\left\imu_data_2025-10-30_09-17-57.csv_single_trial_4.csv
-105.25730677012935,10.74749743989516,-121.43653413760698,-86.70183183122728,0.0,0.0,0.0,0.0,0.0,0.0,0.0,0.0,-0.9824385723119141,0.008684213393414244,-0.9924540519714355,-0.958026885986328,0.15374759720858705,0.051673644419506136,0.0960036516189575,0.2783789038658142,-0.024511633540994355,0.022762925876894467,-0.0531860291957855,0.0355007946491241,0.15643066744650563,0.049401317893886694,0.1000354290008544,0.2765171527862549,0.9858439942841889,0.009037121761444047,0.9603530168533324,0.9942740201950072,-0.9952061006458857,0.003911161622864299,-0.9997575283050536,-0.9860388040542604,0.06831115195828097,0.05622851208104541,-0.0443589091300964,0.1499723494052887,-0.034401789467821804,0.023196088810192726,-0.0723612904548645,0.0151662230491638,186.0,0,data\train\left\imu_data_2025-10-30_09-17-57.csv_single_trial_2.csv
-82.78176310530237,65.79476153802116,-179.361618886432,178.46078265921332,0.0,0.0,0.0,0.0,0.0,0.0,0.0,0.0,-0.9855227905865673,0.012182571609329146,-0.9998747706413268,-0.9552645683288574,0.14154291860589152,0.08250865174312096,-0.0014131367206573,0.2915072441101074,-0.014239422670782396,0.018184616874606405,-0.0729353725910186,0.0132732093334198,0.14178411261131774,0.08218163456189691,-0.0012987256050109,0.2900971472263336,0.9861330950641196,0.012311391294627225,0.9564058780670166,0.999986171722412,-0.9988549585756101,0.000988080756204687,-0.9999217987060548,-0.9968063831329346,0.018534098041656344,0.03736854073819633,-0.0614900588989257,0.0748281478881836,-0.015321072786365986,0.017697188827399235,-0.0702818930149078,0.0119669735431671,219.0,0,data\train\left\imu_data_2025-10-30_09-00-23.csv_single_trial_20.csv
-125.62440531332493,14.13205189995501,-142.37624403293356,-101.58782880092438,0.0,0.0,0.0,0.0,0.0,0.0,0.0,0.0,-0.9887374264724327,0.007187158096783037,-0.9967191219329834,-0.969801664352417,0.1382240790760878,0.04886386638558973,0.0717564225196838,0.2350146770477295,-0.09185311446587241,0.030058955773726536,-0.1506609916687011,-0.0383722484111785,0.1360852029739004,0.050703494449306906,0.0670139789581298,0.2380608022212982,0.9846471782886621,0.006276629307433574,0.9702707529067992,0.9935896396636964,-0.9948861048077092,0.0028341484796545113,-0.9987030029296876,-0.9882997274398804,-0.02315304631536655,0.026843490965435913,-0.0576675236225128,0.0530270338058471,-0.09060688542597216,0.026970085562826204,-0.1462419033050537,-0.0460716784000396,132.0,1,data\train\right\imu_data_2025-10-30_08-43-55.csv_single_trial_17.csv
-116.3990750800383,15.580478044316662,-144.78197742214485,-90.3021042674185,0.0,0.0,0.0,0.0,0.0,0.0,0.0,0.0,-0.978221000611097,0.004950434861830719,-0.988784670829773,-0.9678096771240234,0.14436846834489667,0.05264692000751231,0.0608647167682647,0.2425795793533325,-0.07417345920513413,0.026511343564745004,-0.1101848781108856,-0.021628201007843,0.13498832336787517,0.05900531610331452,0.0439096987247467,0.2415177524089813,0.9859231285665228,0.00689506836906003,0.9700490236282348,0.9948294162750244,-0.9870544048561447,0.008593414375840972,-0.998592734336853,-0.9742934703826904,-0.12404818096380123,0.07725110987782746,-0.2083310484886169,0.0482652783393859,-0.06043105786559221,0.025340932524700363,-0.0891042947769165,-0.0012524724006652,174.0,1,data\train\right\imu_data_2025-10-30_08-56-07.csv_single_trial_4.csv
-72.3734620281903,103.25269392588946,-178.70885843217567,174.55100097657595,0.0,0.0,0.0,0.0,0.0,0.0,0.0,0.0,-0.9788774863752738,0.004949298881581896,-0.9894399642944336,-0.9678205847740172,0.10422022254378707,0.08485070629072473,-0.0080305337905883,0.2515786290168762,-0.018346643321728546,0.014283454679707798,-0.0517648756504058,0.0055835545063018,0.10809075611608998,0.08226766863855356,-0.0032625496387481,0.2516197562217712,0.9904091307725856,0.009878328365309417,0.9677883982658386,0.9998542070388794,-0.987750890709105,0.009731515539511664,-0.9999823570251464,-0.9729166030883788,0.12736991662827749,0.08425980224839515,-0.0104222893714904,0.2213392853736877,-0.025532123746064568,0.016697735214596353,-0.0666495561599731,0.0049003362655639,189.0,0,data\train\left\imu_data_2025-10-30_08-47-16.csv_single_trial_5.csv
-100.16829334087299,6.658080992192215,-106.0547922437644,-85.8568190136382,0.0,0.0,0.0,0.0,0.0,0.0,0.0,0.0,-0.9724245141161248,0.008924965328859126,-0.9831454753875732,-0.9491177201271056,0.20883192851188334,0.04039857606999722,0.1619325876235962,0.3127163648605346,-0.013993286388985626,0.024201350181708634,-0.0338048338890075,0.0358504951000213,0.21114877437023408,0.0387459901424827,0.1651461720466613,0.3119046688079834,0.9762448142183587,0.00891568897063903,0.9497556686401368,0.9857407808303832,-0.9950620462285712,0.0013834361923729878,-0.9989676475524902,-0.9926432371139526,0.08930996821281754,0.015797598044719557,0.0434868335723876,0.1149215698242187,-0.03331002593040465,0.02267581653110968,-0.0511245727539062,0.0208983421325683,94.0,0,data\train\left\imu_data_2025-10-30_09-17-57.csv_single_trial_6.csv
-111.83703103500689,28.65566967546776,-152.27239290035303,-57.24884872724376,0.0,0.0,0.0,0.0,0.0,0.0,0.0,0.0,-0.9821956228401701,0.004648481730132899,-0.9920077323913574,-0.9729764461517334,0.12626411904722956,0.055808411608396336,0.0446829199790954,0.2142189145088195,-0.03036532816240341,0.050327026673100766,-0.079042911529541,0.0830136835575103,0.133019995723067,0.05181862413863533,0.05854332447052,0.2149862051010131,0.9879870448408827,0.006879056784349375,0.973629117012024,0.9960088729858398,-0.9900898131947059,0.007373291758226522,-0.9986720085144044,-0.9788670539855956,0.08879592341218288,0.08370189931523067,-0.0803831815719604,0.1893417537212371,-0.038609857613084005,0.05732746922712394,-0.1007051169872284,0.080724149942398,177.0,0,data\train\left\imu_data_2025-10-30_09-00-23.csv_single_trial_7.csv
-107.74737413611057,15.930433882233004,-150.33044558677736,-82.05142514185293,0.0,0.0,0.0,0.0,0.0,0.0,0.0,0.0,-0.9886250908364727,0.00447748617550868,-0.994234561920166,-0.978638470172882,0.11223833835074669,0.05910829997977913,0.0074604153633117,0.2037270367145538,-0.01925668573077718,0.01563720564370263,-0.053583949804306,0.0188958644866943,0.1133241492484692,0.058426633699405435,0.0087638199329376,0.203222781419754,0.9915083133721654,0.006316959528432478,0.9789277911186218,0.9999037384986876,-0.9964281599732894,0.0025370399875768637,-0.9999743103981018,-0.992467164993286,0.05681840239194876,0.055821468033285686,-0.0595808625221252,0.1205617189407348,-0.02328832063996838,0.015420580043392161,-0.0511898398399353,0.0171605944633483,237.0,0,data\train\left\imu_data_2025-10-30_09-00-23.csv_single_trial_12.csv
-96.25099231442515,25.683848141345557,-167.48552946410186,-56.65627930069623,0.0,0.0,0.0,0.0,0.0,0.0,0.0,0.0,-0.988508939743042,0.010749809812395367,-0.999992609024048,-0.9602134227752686,0.12809992825112687,0.0759634394352102,0.0038173496723175,0.2758519351482391,0.004983108218123273,0.03240248363103595,-0.0504215657711029,0.0746598541736602,0.12798586356930614,0.07566675770480742,0.0038284957408905,0.2736499011516571,0.9882836682040517,0.010714297472557305,0.960506796836853,0.9998977184295654,-0.9991847471493046,0.0007734144344230385,-0.99998939037323,-0.9970148801803588,-0.00044062297518660383,0.02506991172928254,-0.0557295083999633,0.0516382753849029,0.006188715958013766,0.031020225945766627,-0.0365006029605865,0.0764486193656921,205.0,0,data\train\left\imu_data_2025-10-30_09-00-23.csv_single_trial_19.csv
-66.45946960639331,60.86337627646594,-111.60381559464813,97.72348762205884,0.0,0.0,0.0,0.0,0.0,0.0,0.0,0.0,-0.9887612014369391,0.010015224452222193,-0.999929130077362,-0.964336395263672,0.11694993072313299,0.08726935069735066,-0.0248645544052124,0.2614338994026184,-0.00029241565471043596,0.01853949706004819,-0.0359286665916442,0.0351112782955169,0.11689276884553769,0.08718641858620155,-0.0249523520469665,0.2604556083679199,0.9890867829834443,0.009907254480591498,0.9650909900665284,0.9999935626983644,-0.9993488184883871,0.0006094819447962341,-0.9999936819076538,-0.9977085590362548,0.015872910554828534,0.027086063230443522,-0.0470969378948211,0.0583366751670837,-0.0017145029209202566,0.017692528520870505,-0.0429164171218872,0.0307315587997436,233.0,0,data\train\left\imu_data_2025-10-30_09-00-23.csv_single_trial_17.csv
-101.63048956984802,9.150434345410881,-118.017433403952,-86.7902703355849,0.0,0.0,0.0,0.0,0.0,0.0,0.0,0.0,-0.9819407373945289,0.008052582045735047,-0.9935020804405212,-0.9663385152816772,0.15929508654870717,0.04678360530040494,0.0819415152072906,0.2370927035808563,-0.03970848845544257,0.01404577181257944,-0.0587909519672393,-0.0113769173622131,0.15671852314583606,0.04814015146797521,0.0781382322311401,0.2371462285518646,0.9855431312712554,0.0072478062222597756,0.971407413482666,0.995682954788208,-0.9950146268461352,0.002807226682570319,-0.9999181032180786,-0.9896422624588012,-0.0865503282190483,0.036857445663472516,-0.1432040631771087,0.0029982328414916,-0.02661389001061981,0.019501051722946514,-0.0504666268825531,0.0124624073505401,107.0,1,data\train\right\imu_data_2025-10-30_09-14-24.csv_single_trial_1.csv
-106.06890213146265,12.980450922240236,-123.87746980273404,-83.297046572434,0.0,0.0,0.0,0.0,0.0,0.0,0.0,0.0,-0.9799421215879506,0.009755204930370211,-0.9917616248130798,-0.9538050889968872,0.16550785323669165,0.06334804417780944,0.0847805142402648,0.2988550662994385,-0.04763143555871367,0.027492813382586242,-0.0915075242519378,0.0271830260753631,0.16139214367702087,0.06604997597307061,0.07699915766716,0.299681544303894,0.9830782483363973,0.01107280403665477,0.953652024269104,0.9952406883239746,-0.9943587726560132,0.003685939190216419,-0.9995790719985962,-0.9879119992256165,-0.08854492532795868,0.036988064687676354,-0.147053062915802,-0.0211390554904937,-0.035273287214081836,0.028011111375448206,-0.0853686928749084,0.0351229906082153,145.0,1,data\train\right\imu_data_2025-10-30_09-14-24.csv_single_trial_7.csv
-96.48684647060394,8.993844544141654,-112.44606649856658,-83.12883394201842,0.0,0.0,0.0,0.0,0.0,0.0,0.0,0.0,-0.9824680622268773,0.007644675398764744,-0.9905498027801514,-0.9624170660972596,0.15347839563897567,0.06108376518574233,0.0586371421813964,0.2682898342609405,-0.0057073342350293784,0.019587829590601093,-0.031624287366867,0.036590963602066,0.1539819244318788,0.0601149124863456,0.061236172914505,0.2675982415676117,0.9859825530142154,0.009896723560318862,0.9632933139801024,0.9979854226112366,-0.9960728362671234,0.003378765367965716,-0.9999441504478456,-0.9897890090942384,0.05745719401341563,0.06381651751785283,-0.0463106334209442,0.1420578360557556,-0.011131441068349382,0.018158910634179383,-0.0369919836521148,0.0228702425956726,159.0,0,data\train\left\imu_data_2025-10-30_09-17-57.csv_single_trial_1.csv
-118.48638625802259,23.85848227363883,-169.9973295946586,-90.93978842919834,0.0,0.0,0.0,0.0,0.0,0.0,0.0,0.0,-0.984466057058443,0.005907821110944113,-0.992242395877838,-0.9702613353729248,0.12384987309806704,0.06928705889497788,0.0131473243236541,0.2404455244541168,-0.053890706498388126,0.027047789341209914,-0.1061282157897949,-0.0124251246452331,0.11979546494434533,0.07408998388199473,0.0011703968048095,0.2414280176162719,0.9881540527615522,0.008692698507949119,0.9695999622344972,0.9987838268280028,-0.9928121789131757,0.005999535146572404,-0.999456226825714,-0.98158198595047,-0.06704052124616394,0.08035560945063477,-0.1694285571575164,0.0559763610363006,-0.051133839577590816,0.026868600623102954,-0.0970976948738098,-0.0017265081405639,193.0,1,data\train\right\imu_data_2025-10-30_09-14-24.csv_single_trial_18.csv
-116.48789028448272,16.86202693418231,-138.89027984061318,-88.86783321236635,0.0,0.0,0.0,0.0,0.0,0.0,0.0,0.0,-0.9894449916206488,0.007056637794152501,-0.9965882301330566,-0.9759864807128906,0.11985064504527242,0.052352071785853965,0.0657355785369873,0.215241938829422,-0.054528715730715153,0.026411136404965473,-0.1045455932617187,-0.0030278265476226,0.11640704855197614,0.05398116473338702,0.061438500881195,0.215262621641159,0.9898599030590859,0.00647609052813127,0.9765515327453612,0.9964885711669922,-0.99623252313678,0.0024344251061096194,-0.9999713897705078,-0.99057936668396,-0.06266161774386876,0.023618613859920413,-0.1141547858715057,-0.0017286241054534,-0.047822359479775915,0.02726925048569874,-0.0970945358276367,0.0042537450790405,119.0,1,data\train\right\imu_data_2025-10-30_08-43-55.csv_single_trial_19.csv
-109.46056725395134,15.056719014596199,-134.08440084106155,-92.1389498684981,0.0,0.0,0.0,0.0,0.0,0.0,0.0,0.0,-0.9857618092763715,0.014208543782952355,-0.9990314245224,-0.9570518136024476,0.13728621692919146,0.08615627751306229,0.0374092757701873,0.2818137407302856,-0.027168972644864026,0.019344415828420416,-0.0652335286140441,0.0165096521377563,0.13756606291706966,0.08672646930898156,0.0364351868629455,0.2861335575580597,0.9860327814410372,0.013459243366639704,0.955966591835022,0.9989174604415894,-0.9985403694757601,0.00183940636697733,-0.9999456405639648,-0.9885119199752808,0.010060309091719191,0.039047988189577956,-0.0447965562343597,0.1477097868919372,-0.030866966923562448,0.0183055478199212,-0.0819074213504791,-0.0069090723991394,164.0,1,data\train\right\imu_data_2025-10-30_09-14-24.csv_single_trial_9.csv
-101.9433552609478,8.499780792577006,-114.25257227163344,-87.35194169124536,0.0,0.0,0.0,0.0,0.0,0.0,0.0,0.0,-0.9749192177287994,0.007804711656592653,-0.986857295036316,-0.9575989246368408,0.14631762956419297,0.07295279910202569,0.0600534677505493,0.2873820662498474,-0.0035070793763283675,0.013866130736273744,-0.0222795009613037,0.0228870213031768,0.1486665534396325,0.07134226201710209,0.0636413395404815,0.2875847518444061,0.9861244155514625,0.012751068509358103,0.9577237367630004,0.9978630542755128,-0.9884451517174321,0.005566549931452148,-0.9998952150344848,-0.9834995269775392,0.13879304355190644,0.05492358829578484,-0.0172961056232452,0.1785411834716797,-0.02067810945933863,0.015410428949167667,-0.0422033667564392,0.0132915079593658,124.0,0,data\train\left\imu_data_2025-10-30_09-00-23.csv_single_trial_4.csv
-44.86165868585844,78.89552770046242,-120.16072693076188,138.98601198183735,0.0,0.0,0.0,0.0,0.0,0.0,0.0,0.0,-0.9903654275061209,0.00917240035407545,-0.9987425804138184,-0.9676771759986876,0.0921154401347607,0.09120811766418188,-0.0397787392139434,0.2521170377731323,-0.0012294559539118757,0.01667271648739916,-0.0430061221122741,0.0271386206150054,0.0919279597605331,0.09108194455630081,-0.0399046242237091,0.2516324818134308,0.9914021978649912,0.009778050244314038,0.9668668508529664,0.999937891960144,-0.998715140019791,0.0007475139088472399,-0.9999992847442628,-0.9972039461135864,0.036251485724992344,0.03211610622731632,-0.0453459322452545,0.0744902789592742,-0.002455955441994002,0.014695743230373108,-0.0400678515434265,0.0228643417358398,158.0,0,data\train\left\imu_data_2025-10-30_09-00-23.csv_single_trial_21.csv
-111.90802473633465,27.624179693452344,-176.77147031453515,-81.27054634972016,0.0,0.0,0.0,0.0,0.0,0.0,0.0,0.0,-0.9883147060314071,0.005706341180430721,-0.9950060844421388,-0.9729151725769044,0.11892171496542811,0.06488297176120589,0.0022429227828979,0.2290180325508117,-0.022273092904937564,0.019816707551782515,-0.054281860589981,0.0243034362792968,0.12045539985193267,0.0629069020228303,0.006201297044754,0.2278270423412323,0.9902508297813273,0.006910977839358191,0.9729834794998168,0.9992067217826844,-0.997123654200652,0.002516050418410006,-0.9998993873596193,-0.992603361606598,0.038430630325156936,0.05707748566533863,-0.0648666322231292,0.1100817918777465,-0.023887428446350775,0.020803830272195827,-0.0567595362663269,0.0202708542346954,214.0,0,data\train\left\imu_data_2025-10-30_09-00-23.csv_single_trial_13.csv
-100.93155504507595,6.013038194305019,-114.47703083952015,-91.43652895032244,0.0,0.0,0.0,0.0,0.0,0.0,0.0,0.0,-0.9809319128080741,0.005738222665475976,-0.990020751953125,-0.9679032564163208,0.15191405581444808,0.041115870113348274,0.0860459506511688,0.2501340806484222,-0.021229603087779127,0.021024703882252326,-0.078166663646698,0.0146854221820831,0.15263996557476592,0.03966228212084316,0.0875536501407623,0.2485930323600769,0.9870119945904643,0.006523710120864292,0.9671411514282228,0.9961597919464112,-0.9930185583448902,0.007081236979270522,-0.9999340772628784,-0.979669451713562,0.05819648135568678,0.09736936057607919,-0.0804154574871063,0.1996519565582275,-0.02785794267949366,0.014843556245436864,-0.0713658332824707,-0.0037378072738647,194.0,0,data\train\left\imu_data_2025-10-30_09-00-23.csv_single_trial_8.csv
-116.30120019919683,12.408832008846073,-134.2553986627993,-95.44796771298144,0.0,0.0,0.0,0.0,0.0,0.0,0.0,0.0,-0.913468343312623,0.025888272476992415,-0.9617516994476318,-0.8800748586654663,0.12970929824915087,0.06027634720582854,0.0502788722515106,0.2442668974399566,-0.005511155382531568,0.02281623976189914,-0.0341433882713317,0.0440101027488708,0.14143526920529662,0.05385523944070334,0.065977394580841,0.2465742230415344,0.9881631917640811,0.008845942294014461,0.9690937399864196,0.9976666569709778,-0.9240473611432998,0.0337323507824914,-0.9918434619903564,-0.8815708160400391,0.3645665252306422,0.0953536902492316,0.1225113272666931,0.4689201116561889,-0.052136029132076905,0.01671462798645344,-0.0808262526988983,-0.020317256450653,122.0,0,data\train\left\imu_data_2025-10-30_08-47-16.csv_single_trial_21.csv
-102.98449334028355,7.953578816220844,-121.30087138518816,-87.63425465013425,0.0,0.0,0.0,0.0,0.0,0.0,0.0,0.0,-0.9245752804861294,0.02750478157849933,-0.97126567363739,-0.8938890695571899,0.10304275647861748,0.056033328109615504,0.0211840271949768,0.1805084645748138,0.012520097372100084,0.01728855017108447,-0.0240771770477294,0.0472210049629211,0.10398717330196708,0.055808264120761744,0.0247070491313934,0.1873905062675476,0.9927643805038272,0.005952759611393023,0.9819905161857604,0.999692678451538,-0.9315681748502836,0.032841957361860116,-0.9854741096496582,-0.8945897817611694,0.34836487765387286,0.0954887780902838,0.1658126711845398,0.446702629327774,-0.019848036015127548,0.015233603468212321,-0.0557823777198791,0.0070454180240631,127.0,0,data\train\left\imu_data_2025-10-30_08-47-16.csv_single_trial_14.csv
-102.32332867910159,10.260032585714152,-120.04711965497944,-85.88510609669748,0.0,0.0,0.0,0.0,0.0,0.0,0.0,0.0,-0.9751277473610891,0.014448116891769272,-0.9908275604248048,-0.9423415660858154,0.19706450654587276,0.07223081313987831,0.0991342365741729,0.3318835794925689,-0.022797030672221084,0.01960884657164333,-0.0561256408691406,0.0101749002933502,0.19929723777401612,0.07068700835681613,0.1031636595726013,0.332585722208023,0.9768034299494515,0.015323304300260262,0.9430181980133056,0.9938513040542604,-0.9971087465823536,0.0021296676435361224,-0.999984860420227,-0.9938592910766602,0.05379911606580435,0.03614893130484026,-0.0371362268924713,0.0950025618076324,-0.03165192986038366,0.023805492980423875,-0.0693287849426269,0.0238764584064483,142.0,0,data\train\left\imu_data_2025-10-30_09-17-57.csv_single_trial_8.csv
-68.30430098487118,67.84075041323344,-111.23256680309584,122.87937886175264,0.0,0.0,0.0,0.0,0.0,0.0,0.0,0.0,-0.9708292041857218,0.010947212426237581,-0.9932000637054444,-0.9544070959091188,0.09604880444167815,0.06592833851743346,-0.0170768797397613,0.1933247447013855,0.0031211770994146884,0.022563127342405866,-0.0531111657619476,0.039939671754837,0.09597626620346734,0.0666821850884463,-0.0168526768684387,0.1990016102790832,0.9928653510575441,0.006454228726366716,0.9794759750366212,0.9999823570251464,-0.9774891890815853,0.014040573581353017,-0.9999619722366332,-0.9616503715515136,0.18912037438953044,0.08914259495728637,0.0082572996616363,0.2740952670574188,-0.011601494606008225,0.021686158021680408,-0.0713343024253845,0.0219967365264892,194.0,0,data\train\left\imu_data_2025-10-30_08-47-16.csv_single_trial_1.csv
-125.46309989878671,14.863579755494266,-158.77657879245496,-104.2521497302038,0.0,0.0,0.0,0.0,0.0,0.0,0.0,0.0,-0.9869473247478405,0.009166233844773242,-0.9978312253952026,-0.9627825021743774,0.12371026786665118,0.06444304568808497,0.0282220542430877,0.2445777058601379,-0.07014986407011743,0.016840395768296372,-0.1128089129924774,-0.0325647890567779,0.12330320974191028,0.06898043763461517,0.0193780362606048,0.2521112263202667,0.987292834247152,0.00929067465555488,0.9652732610702516,0.9970593452453612,-0.9941794552529851,0.002966727938090003,-0.9985557794570924,-0.9886329770088196,-0.011021027031044156,0.07594424381288646,-0.1218399405479431,0.0980216264724731,-0.07359860107923544,0.017108499120365675,-0.1255299746990203,-0.0495629608631134,192.0,1,data\train\right\imu_data_2025-10-30_09-14-24.csv_single_trial_15.csv
-103.23463008486169,11.599900262392762,-119.05328685928087,-81.20726863405909,0.0,0.0,0.0,0.0,0.0,0.0,0.0,0.0,-0.9788959604229419,0.006860119371998685,-0.9882288575172424,-0.962857186794281,0.18175639839946922,0.03758550991857331,0.1197684705257415,0.2659943401813507,-0.0481104840179385,0.03606858186744439,-0.0885026752948761,0.0247794985771179,0.17854979150186334,0.0409303760573012,0.1105113923549652,0.2680869698524475,0.9812140325604356,0.006941066811864156,0.9622530937194824,0.9905996322631836,-0.9945367831869174,0.0036662423753900295,-0.9998660087585448,-0.988929271697998,-0.05283326697228522,0.07327353141909868,-0.1351221203804016,0.0933826863765716,-0.040905229633834736,0.03239751744211026,-0.0781625509262085,0.0256692469120025,197.0,1,data\train\right\imu_data_2025-10-30_09-14-24.csv_single_trial_2.csv
-120.88305834126204,65.19864244233256,-176.9685717641079,173.2153327550193,0.0,0.0,0.0,0.0,0.0,0.0,0.0,0.0,-0.9924757138832466,0.005283854773336798,-0.9975160360336304,-0.978668451309204,0.07825766180778713,0.054644629079324464,-0.0101376175880432,0.1862357854843139,-0.0682207606472335,0.01755354803381118,-0.1219529211521148,-0.0182549953460693,0.07426350100057104,0.0560712508193279,-0.017112910747528,0.1808841526508331,0.99315445948314,0.004795716121077615,0.9812873601913452,0.9979934692382812,-0.9945748510894242,0.0022161019092464184,-0.9991965293884276,-0.9893176555633544,-0.06515138695290036,0.04539100597462424,-0.1321023404598236,0.032842069864273,-0.06418095081002557,0.019793156916417684,-0.1221952438354492,-0.0229718387126922,143.0,1,data\train\right\imu_data_2025-10-30_08-43-55.csv_single_trial_2.csv
-65.83669682172263,97.66439654790308,-174.19019411162208,172.68307505022705,0.0,0.0,0.0,0.0,0.0,0.0,0.0,0.0,-0.9911260506016525,0.008129240892986611,-0.9995197057724,-0.97454571723938,0.10138447470401396,0.07947580818488038,-0.0266227424144744,0.2238789498805999,-0.022197964502938403,0.0316484163826154,-0.059117704629898,0.0629802346229553,0.1017880210624867,0.0785726316214786,-0.0247235894203186,0.2228789031505584,0.9909123841242574,0.007989574671902012,0.9731875061988832,0.9992475509643556,-0.9987478367048293,0.0007274963298436965,-0.9999822378158568,-0.9974201321601868,0.0023464861527160135,0.03260576603254069,-0.0662901699542999,0.0464690327644348,-0.020451172063099075,0.03186484885462005,-0.0601444840431213,0.0637667775154113,199.0,0,data\train\left\imu_data_2025-10-30_09-00-23.csv_single_trial_14.csv
-90.48611888603168,7.5455148955867495,-101.45147382414892,-69.7922965269238,0.0,0.0,0.0,0.0,0.0,0.0,0.0,0.0,-0.9774419539853146,0.011994921905932066,-0.9923247694969176,-0.9511576294898988,0.16556726103764402,0.07139420096646915,0.0741595327854156,0.3036942183971405,0.004197988356129391,0.01896589369361641,-0.0290551483631134,0.0476592183113098,0.16548024025259978,0.07162337502708789,0.0742549300193786,0.3025096952915191,0.9833214502585562,0.013711332111685562,0.9527096748352052,0.9972264170646667,-0.9938065543699492,0.004185933006915319,-0.9999295473098756,-0.9858648777008056,0.06531145013690563,0.08765931602451214,-0.1141815185546875,0.1675412952899933,-0.002026878903357012,0.019421368826602937,-0.0293956398963928,0.042913943529129,209.0,0,data\train\left\imu_data_2025-10-30_09-17-57.csv_single_trial_13.csv
-109.95519596626474,14.567157517786095,-139.7010817367044,-89.09172107305379,0.0,0.0,0.0,0.0,0.0,0.0,0.0,0.0,-0.9792768782377244,0.013294575529751745,-0.9955256581306458,-0.9510157108306884,0.1758366858959198,0.07685320369179835,0.0498969852924346,0.2997666597366333,-0.04506185859441751,0.01274890812016731,-0.0601203739643096,-0.0079087615013122,0.17792203158140182,0.07491979568093132,0.0543824136257171,0.2979345917701721,0.9799801790714264,0.013287074959363702,0.9539546966552734,0.99701988697052,-0.996889967918396,0.0014838352662785992,-0.9992724657058716,-0.9942071437835692,0.024215603619813897,0.05463009075406091,-0.0873436033725738,0.0830079019069671,-0.04669480741024014,0.02137693455208723,-0.0688529014587402,0.0035197436809539,200.0,0,data\train\left\imu_data_2025-10-30_09-17-57.csv_single_trial_11.csv
-111.39238820010006,15.988980598432747,-136.3009530934241,-92.22659285122737,0.0,0.0,0.0,0.0,0.0,0.0,0.0,0.0,-0.9853744435310364,0.010275412778594686,-0.9947080612182616,-0.9607925415039062,0.1412849426269531,0.06769637564890899,0.0628358423709869,0.2759864032268524,-0.0468491798639297,0.021755129975035693,-0.0757761001586914,-0.0104035437107086,0.1381609678268432,0.07002391281783568,0.0561191439628601,0.2766027748584747,0.9865201250712077,0.010868653245822703,0.9607056379318236,0.9958983063697816,-0.996463299592336,0.002320174214325804,-0.999941349029541,-0.9925222396850586,-0.06115790267785388,0.03463445414812112,-0.102598488330841,0.0195920169353485,-0.04089112818241114,0.02106215458204193,-0.0705055594444274,-0.0090645551681518,150.0,1,data\train\right\imu_data_2025-10-30_09-14-24.csv_single_trial_6.csv
-112.3108911064894,16.056600929643952,-141.61766133094767,-82.29654487037362,0.0,0.0,0.0,0.0,0.0,0.0,0.0,0.0,-0.9458576996916348,0.023727134471415383,-0.9823098182678224,-0.9086113572120668,0.1578216621863473,0.07261770779988276,0.0539374649524688,0.2742517590522766,-0.02255636714782907,0.015720222681811554,-0.0519887506961822,0.0251915454864501,0.1677697187231988,0.06564749938743893,0.0748283863067627,0.2737969756126404,0.9831855819397366,0.011573555531165534,0.9603814482688904,0.996529221534729,-0.9609715800309918,0.034183181134911124,-0.9998633861541748,-0.9094289541244508,0.2158918483662851,0.1603891984532227,-0.0398015975952148,0.4095649719238281,-0.048829942019944304,0.025432755645205994,-0.0720772147178649,0.0257757902145385,194.0,0,data\train\left\imu_data_2025-10-30_08-47-16.csv_single_trial_13.csv
